{
   "dashboards": [{
      "autoswitchEnabled": false,
      "columnCount": 1,
      "columnProportion": "1-1",
      "creationTime": 1679747624864,
      "dashboardNavigations": {},
      "description": "",
      "disabled": false,
      "gridsterMaxColumns": 12,
      "hidden": false,
      "homeTab": false,
      "id": "f034c7df-8000-440a-9790-4876aed4244d",
      "importAttempts": 0,
      "importComplete": true,
      "lastUpdateTime": 1679848509133,
      "lastUpdateUserId": "287ed085-c6ca-4255-b69c-956f1665ed51",
      "locked": false,
      "name": "VM Snapshot Detail",
      "rank": 0,
      "shared": false,
      "states": [],
      "temporary": false,
      "userId": "287ed085-c6ca-4255-b69c-956f1665ed51",
      "widgetInteractions": [],
      "widgets": [
         {
            "collapsed": false,
            "config": {
               "chartViewItems": ["labels"],
               "isUpdatedView": true,
               "refreshContent": {"refreshContent": true},
               "refreshInterval": 300,
               "resource": {
                  "id": "Ext.vcops.chrome.model.Resource-1",
                  "resourceId": "resource:id:0_::_",
                  "resourceKindId": "002006VMWAREvSphere World",
                  "resourceName": "vSphere World",
                  "traversalSpecId": ""
               },
               "selectFirstRow": {"selectFirstRow": false},
               "selfProvider": {"selfProvider": true},
               "title": "VM Snapshot Age (Days)",
               "traversalSpecId": null,
               "viewDefinitionId": "164308f4-1262-4f83-ba89-a9ad6e2f5a99"
            },
            "gridsterCoords": {
               "h": 6,
               "w": 4,
               "x": 1,
               "y": 1
            },
            "height": 324,
            "id": "2f1dc6ff-d42d-4774-8494-94c8d86efb37",
            "states": [{
               "key": "perm_isDashboardTime_widget_f034c7df-8000-440a-9790-4876aed4244d_2f1dc6ff-d42d-4774-8494-94c8d86efb37",
               "value": "b%3A0"
            }],
            "title": "VM Snapshot Age (Days)",
            "type": "View"
         },
         {
            "collapsed": false,
            "config": {
               "additionalColumns": [],
               "barsCount": 15,
               "customFilter": {
                  "excludedResources": null,
                  "filter": [],
                  "includedResources": null
               },
               "depth": 10,
               "filterMode": "tagPicker",
               "filterOldMetrics": {"filterOldMetrics": false},
               "metric": {
                  "metricKey": "diskspace|snapshot",
                  "name": "Disk Space|Snapshot Space (GB)"
               },
               "metricName": "VM Snapshot Size (GB)",
               "metricUnit": {
                  "metricUnitId": -1,
                  "metricUnitName": "Auto"
               },
               "mode": "all",
               "orangeBound": 50,
               "percentileValue": null,
               "redBound": 100,
               "refreshContent": {"refreshContent": true},
               "refreshInterval": 300,
               "regenerationTime": 15,
               "relationshipMode": {"relationshipMode": [
                  -1,
                  0
               ]},
               "resource": [],
               "resourceKind": [{"id": "resourceKind:id:0_::_"}],
               "roundDecimals": 1,
               "selfProvider": {"selfProvider": true},
               "tagFilter": null,
               "title": "Largest VM Snapshots",
               "topOption": "metricsHighestUtilization",
               "yellowBound": 20
            },
            "gridsterCoords": {
               "h": 6,
               "w": 4,
               "x": 5,
               "y": 1
            },
            "height": 324,
            "id": "d9f9d0fc-84a3-4230-abd2-6da32f4ef0ae",
            "title": "Largest VM Snapshots",
            "type": "ParetoAnalysis"
         },
         {
            "collapsed": false,
            "config": {
               "chartViewItems": [],
               "isUpdatedView": true,
               "refreshContent": {"refreshContent": true},
               "refreshInterval": 300,
               "resource": {
                  "id": "Ext.vcops.chrome.model.Resource-38",
                  "resourceId": "resource:id:0_::_",
                  "resourceKindId": "002006VMWAREvSphere World",
                  "resourceName": "vSphere World",
                  "traversalSpecId": ""
               },
               "selectFirstRow": {"selectFirstRow": true},
               "selfProvider": {"selfProvider": true},
               "title": "VMs",
               "traversalSpecId": null,
               "viewDefinitionId": "02de5aaf-ccee-49b3-86cf-b731fae629e7"
            },
            "gridsterCoords": {
               "h": 14,
               "w": 12,
               "x": 1,
               "y": 7
            },
            "height": 779,
            "id": "b5b7d3a1-3770-46d8-979e-312101f440ba",
            "states": [
               {
                  "key": "permSelectedDate_widget_f034c7df-8000-440a-9790-4876aed4244d_b5b7d3a1-3770-46d8-979e-312101f440ba",
                  "value": "s%3A%7B%22minType%22%3A%22.TimeIntervalControl%22%2C%22advancedTimeMode%22%3Afalse%2C%22fromTime%22%3Anull%2C%22unit%22%3A%22DAYS%22%2C%22count%22%3A7%2C%22priorUnit%22%3Anull%2C%22priorCount%22%3Anull%2C%22startSubUnit%22%3Anull%2C%22startPeriod%22%3Anull%2C%22toTime%22%3Anull%2C%22endUnit%22%3Anull%2C%22endCount%22%3Anull%2C%22endSubUnit%22%3Anull%2C%22endPeriod%22%3Anull%2C%22isRealTimeData%22%3Anull%2C%22mondayHours%22%3A%5B%5D%2C%22tuesdayHours%22%3A%5B%5D%2C%22wednesdayHours%22%3A%5B%5D%2C%22thursdayHours%22%3A%5B%5D%2C%22fridayHours%22%3A%5B%5D%2C%22saturdayHours%22%3A%5B%5D%2C%22sundayHours%22%3A%5B%5D%7D"
               },
               {
                  "key": "perm_isDashboardTime_widget_f034c7df-8000-440a-9790-4876aed4244d_b5b7d3a1-3770-46d8-979e-312101f440ba",
                  "value": "b%3A0"
               }
            ],
            "title": "VMs",
            "type": "View"
         },
         {
            "collapsed": false,
            "config": {
               "boxColumns": 1,
               "boxHeight": null,
               "customFilter": {
                  "excludedResources": null,
                  "filter": [],
                  "includedResources": null
               },
               "depth": 1,
               "labelSize": 16,
               "maxCellCount": 100,
               "metric": {
                  "mode": "resourceKind",
                  "resourceKindMetrics": [{
                     "colorMethod": 0,
                     "handleOldColoring": false,
                     "id": "extModel3804-1",
                     "isStringMetric": false,
                     "label": "",
                     "link": "",
                     "metricKey": "storage_realized|realized_snapshotSpace",
                     "metricName": "Disk Space Realized|VM Snapshots",
                     "metricUnitId": "tb",
                     "orangeBound": 2,
                     "redBound": 3,
                     "resourceKindId": "resourceKind:id:1_::_",
                     "resourceKindName": "vSphere World",
                     "unit": "TB",
                     "yellowBound": 1
                  }],
                  "resourceMetrics": [],
                  "subMode": "resourceKindAll"
               },
               "mode": {"layoutMode": "fixedView"},
               "oldMetricValues": false,
               "periodLength": "last90Days",
               "refreshContent": {"refreshContent": true},
               "refreshInterval": 300,
               "relationshipMode": {"relationshipMode": 0},
               "resInteractionMode": null,
               "resource": [],
               "roundDecimals": null,
               "selfProvider": {"selfProvider": true},
               "showDT": {"showDT": false},
               "showMetricName": {"showMetricName": true},
               "showMetricUnit": {"showMetricUnit": true},
               "showResourceName": {"showResourceName": false},
               "showSparkline": {"showSparkline": true},
               "title": "Total Disk Consumed by VM Snapshots",
               "valueSize": 24,
               "visualTheme": 6
            },
            "gridsterCoords": {
               "h": 6,
               "w": 4,
               "x": 9,
               "y": 1
            },
            "height": 324,
            "id": "034bbabc-2734-4976-8dc3-933fa98dac6d",
            "title": "Total Disk Consumed by VM Snapshots",
            "type": "Scoreboard"
         }
      ]
   }],
   "entries": {
      "resource": [{
         "adapterKindKey": "VMWARE",
         "identifiers": [],
         "internalId": "resource:id:0_::_",
         "name": "vSphere World",
         "resourceKindKey": "vSphere World"
      }],
      "resourceKind": [
         {
            "adapterKindKey": "VMWARE",
            "internalId": "resourceKind:id:0_::_",
            "resourceKindKey": "VirtualMachine"
         },
         {
            "adapterKindKey": "VMWARE",
            "internalId": "resourceKind:id:1_::_",
            "resourceKindKey": "vSphere World"
         }
      ]
   },
   "uuid": "ea72b29e-d98a-48ac-bf9e-d13be2b66765"
}